"","score_2","score_6","score_10","score_20"
"1",0.0210650887573965,0.0121183431952663,0.0134674556213018,0.00623668639053254
