"","score_2","score_6","score_10","score_20"
"1",0.0195502958579882,0.0122366863905325,0.0137100591715976,0.0061301775147929
